what,kind,bundleId,bundleVersion,description,time
executed,command,org.eclipse.ui.workbench.texteditor,3.7.0.v20110505-0800,"org.eclipse.ui.edit.text.goto.lineEnd",1381277409095
executed,command,org.eclipse.ui,3.7.0.I20110602-0100,"org.eclipse.ui.file.save",1381277409409
executed,command,org.eclipse.ui,3.7.0.I20110602-0100,"org.eclipse.ui.file.save",1381277417357
activated,view,org.eclipse.ui.console,3.5.100.v20110511,"org.eclipse.ui.console.ConsoleView",1381277424221
deactivated,workbench,org.eclipse.ui.workbench,3.7.0.I20110519-0100,"",1381277425629
activated,workbench,org.eclipse.ui.workbench,3.7.0.I20110519-0100,"",1381277430525
deactivated,workbench,org.eclipse.ui.workbench,3.7.0.I20110519-0100,"",1381277433142
activated,workbench,org.eclipse.ui.workbench,3.7.0.I20110519-0100,"",1381277439990
activated,editor,org.eclipse.jdt.ui,3.7.0.v20110531-1200,"org.eclipse.jdt.ui.CompilationUnitEditor",1381277443473
executed,command,org.eclipse.ui,3.7.0.I20110602-0100,"org.eclipse.ui.file.save",1381277448314
activated,editor,org.eclipse.ui.editors,3.7.0.v20110517-0800,"org.eclipse.ui.DefaultTextEditor",1381277451128
executed,command,org.eclipse.ui,3.7.0.I20110602-0100,"org.eclipse.ui.file.save",1381277455727
activated,view,org.eclipse.ui.console,3.5.100.v20110511,"org.eclipse.ui.console.ConsoleView",1381277458633
activated,editor,org.eclipse.ui.editors,3.7.0.v20110517-0800,"org.eclipse.ui.DefaultTextEditor",1381277463438
executed,command,org.eclipse.ui,3.7.0.I20110602-0100,"org.eclipse.ui.edit.undo",1381277464968
executed,command,org.eclipse.ui,3.7.0.I20110602-0100,"org.eclipse.ui.file.save",1381277465392
activated,editor,org.eclipse.jdt.ui,3.7.0.v20110531-1200,"org.eclipse.jdt.ui.CompilationUnitEditor",1381277467065
activated,editor,org.eclipse.jdt.ui,3.7.0.v20110531-1200,"org.eclipse.jdt.ui.CompilationUnitEditor",1381277473644
executed,command,org.eclipse.ui.workbench.texteditor,3.7.0.v20110505-0800,"org.eclipse.ui.edit.text.goto.lineStart",1381277491752
executed,command,org.eclipse.ui.workbench.texteditor,3.7.0.v20110505-0800,"org.eclipse.ui.edit.text.goto.lineStart",1381277491869
executed,command,org.eclipse.ui,3.7.0.I20110602-0100,"org.eclipse.ui.edit.delete",1381277493016
executed,command,org.eclipse.ui.workbench.texteditor,3.7.0.v20110505-0800,"org.eclipse.ui.edit.text.goto.lineEnd",1381277493868
executed,command,org.eclipse.ui,3.7.0.I20110602-0100,"org.eclipse.ui.file.save",1381277495281
activated,editor,org.eclipse.jdt.ui,3.7.0.v20110531-1200,"org.eclipse.jdt.ui.CompilationUnitEditor",1381277496493
executed,command,org.eclipse.ui.workbench.texteditor,3.7.0.v20110505-0800,"org.eclipse.ui.edit.text.goto.lineStart",1381277498626
executed,command,org.eclipse.ui.workbench.texteditor,3.7.0.v20110505-0800,"org.eclipse.ui.edit.text.goto.lineStart",1381277498736
executed,command,org.eclipse.ui,3.7.0.I20110602-0100,"org.eclipse.ui.edit.delete",1381277499429
executed,command,org.eclipse.ui,3.7.0.I20110602-0100,"org.eclipse.ui.edit.delete",1381277500754
executed,command,org.eclipse.ui,3.7.0.I20110602-0100,"org.eclipse.ui.edit.delete",1381277502376
executed,command,org.eclipse.ui.workbench.texteditor,3.7.0.v20110505-0800,"org.eclipse.ui.edit.text.goto.lineEnd",1381277502884
executed,command,org.eclipse.ui,3.7.0.I20110602-0100,"org.eclipse.ui.file.save",1381277503228
activated,editor,org.eclipse.jdt.ui,3.7.0.v20110531-1200,"org.eclipse.jdt.ui.CompilationUnitEditor",1381277517281
activated,editor,org.eclipse.jdt.ui,3.7.0.v20110531-1200,"org.eclipse.jdt.ui.CompilationUnitEditor",1381277522813
activated,editor,org.eclipse.jdt.ui,3.7.0.v20110531-1200,"org.eclipse.jdt.ui.CompilationUnitEditor",1381277526244
activated,editor,org.eclipse.jdt.ui,3.7.0.v20110531-1200,"org.eclipse.jdt.ui.CompilationUnitEditor",1381277552388
executed,command,org.eclipse.ui,3.7.0.I20110602-0100,"org.eclipse.ui.edit.copy",1381277558853
executed,command,org.eclipse.ui.workbench.texteditor,3.7.0.v20110505-0800,"org.eclipse.ui.edit.text.select.lineEnd",1381277565263
executed,command,org.eclipse.ui,3.7.0.I20110602-0100,"org.eclipse.ui.edit.copy",1381277565765
executed,command,org.eclipse.ui,3.7.0.I20110602-0100,"org.eclipse.ui.edit.paste",1381277569781
executed,command,org.eclipse.ui,3.7.0.I20110602-0100,"org.eclipse.ui.edit.undo",1381277570853
executed,command,org.eclipse.ui,3.7.0.I20110602-0100,"org.eclipse.ui.edit.undo",1381277571045
executed,command,org.eclipse.ui,3.7.0.I20110602-0100,"org.eclipse.ui.edit.paste",1381277572572
executed,command,org.eclipse.ui,3.7.0.I20110602-0100,"org.eclipse.ui.file.save",1381277574196
executed,command,org.eclipse.ui,3.7.0.I20110602-0100,"org.eclipse.ui.edit.copy",1381277576130
executed,command,org.eclipse.ui,3.7.0.I20110602-0100,"org.eclipse.ui.edit.paste",1381277576926
executed,command,org.eclipse.ui,3.7.0.I20110602-0100,"org.eclipse.ui.file.save",1381277577611
activated,view,org.eclipse.ui.console,3.5.100.v20110511,"org.eclipse.ui.console.ConsoleView",1381277580929
deactivated,workbench,org.eclipse.ui.workbench,3.7.0.I20110519-0100,"",1381277582813
activated,workbench,org.eclipse.ui.workbench,3.7.0.I20110519-0100,"",1381277587067
activated,view,org.eclipse.jdt.junit,3.7.0.v20110505-0800,"org.eclipse.jdt.junit.ResultView",1381277588631
activated,view,org.eclipse.ui.console,3.5.100.v20110511,"org.eclipse.ui.console.ConsoleView",1381277589904
deactivated,workbench,org.eclipse.ui.workbench,3.7.0.I20110519-0100,"",1381277590596
activated,workbench,org.eclipse.ui.workbench,3.7.0.I20110519-0100,"",1381277591429
deactivated,workbench,org.eclipse.ui.workbench,3.7.0.I20110519-0100,"",1381277592488
activated,workbench,org.eclipse.ui.workbench,3.7.0.I20110519-0100,"",1381277593490
activated,editor,org.eclipse.jdt.ui,3.7.0.v20110531-1200,"org.eclipse.jdt.ui.CompilationUnitEditor",1381277593998
activated,view,org.eclipse.jdt.junit,3.7.0.v20110505-0800,"org.eclipse.jdt.junit.ResultView",1381277595256
activated,editor,org.eclipse.jdt.ui,3.7.0.v20110531-1200,"org.eclipse.jdt.ui.CompilationUnitEditor",1381277596150
activated,view,org.eclipse.jdt.ui,3.7.0.v20110531-1200,"org.eclipse.jdt.ui.PackageExplorer",1381277601705
deactivated,workbench,org.eclipse.ui.workbench,3.7.0.I20110519-0100,"",1381277607082
activated,workbench,org.eclipse.ui.workbench,3.7.0.I20110519-0100,"",1381277608940
deactivated,workbench,org.eclipse.ui.workbench,3.7.0.I20110519-0100,"",1381277613942
activated,workbench,org.eclipse.ui.workbench,3.7.0.I20110519-0100,"",1381277645243
executed,command,org.eclipse.ui,3.7.0.I20110602-0100,"org.eclipse.ui.newWizard",1381277645253
activated,editor,org.eclipse.jdt.ui,3.7.0.v20110531-1200,"org.eclipse.jdt.ui.CompilationUnitEditor",1381277646241
executed,command,org.eclipse.ui,3.7.0.I20110602-0100,"org.eclipse.ui.edit.copy",1381277649612
activated,editor,org.eclipse.ui.editors,3.7.0.v20110517-0800,"org.eclipse.ui.DefaultTextEditor",1381277650723
executed,command,org.eclipse.ui.workbench.texteditor,3.7.0.v20110505-0800,"org.eclipse.ui.edit.text.goto.textEnd",1381277652740
executed,command,org.eclipse.ui,3.7.0.I20110602-0100,"org.eclipse.ui.edit.paste",1381277657071
activated,editor,org.eclipse.jdt.ui,3.7.0.v20110531-1200,"org.eclipse.jdt.ui.CompilationUnitEditor",1381277661559
executed,command,org.eclipse.ui,3.7.0.I20110602-0100,"org.eclipse.ui.edit.copy",1381277665840
activated,editor,org.eclipse.ui.editors,3.7.0.v20110517-0800,"org.eclipse.ui.DefaultTextEditor",1381277667143
executed,command,org.eclipse.ui,3.7.0.I20110602-0100,"org.eclipse.ui.edit.paste",1381277667965
executed,command,org.eclipse.ui,3.7.0.I20110602-0100,"org.eclipse.ui.file.save",1381277668522
activated,view,org.eclipse.ui.console,3.5.100.v20110511,"org.eclipse.ui.console.ConsoleView",1381277673792
deactivated,workbench,org.eclipse.ui.workbench,3.7.0.I20110519-0100,"",1381277675648
activated,workbench,org.eclipse.ui.workbench,3.7.0.I20110519-0100,"",1381277680492
activated,view,org.eclipse.jdt.junit,3.7.0.v20110505-0800,"org.eclipse.jdt.junit.ResultView",1381277680505
activated,view,org.eclipse.ui.console,3.5.100.v20110511,"org.eclipse.ui.console.ConsoleView",1381277681961
deactivated,workbench,org.eclipse.ui.workbench,3.7.0.I20110519-0100,"",1381277683139
activated,workbench,org.eclipse.ui.workbench,3.7.0.I20110519-0100,"",1381277690980
activated,editor,org.eclipse.ui.editors,3.7.0.v20110517-0800,"org.eclipse.ui.DefaultTextEditor",1381277692655
activated,view,org.eclipse.jdt.ui,3.7.0.v20110531-1200,"org.eclipse.jdt.ui.PackageExplorer",1381277705069
deactivated,workbench,org.eclipse.ui.workbench,3.7.0.I20110519-0100,"",1381277709754
activated,workbench,org.eclipse.ui.workbench,3.7.0.I20110519-0100,"",1381277718836
executed,command,org.eclipse.ui,3.7.0.I20110602-0100,"org.eclipse.ui.newWizard",1381277718869
opened,editor,org.eclipse.jdt.ui,3.7.0.v20110531-1200,"org.eclipse.jdt.ui.CompilationUnitEditor",1381277719222
activated,editor,org.eclipse.jdt.ui,3.7.0.v20110531-1200,"org.eclipse.jdt.ui.CompilationUnitEditor",1381277719340
activated,editor,org.eclipse.jdt.ui,3.7.0.v20110531-1200,"org.eclipse.jdt.ui.CompilationUnitEditor",1381277746102
executed,command,org.eclipse.jdt.junit,3.7.0.v20110505-0800,"org.eclipse.jdt.junit.junitShortcut.run",1381277749909
deactivated,workbench,org.eclipse.ui.workbench,3.7.0.I20110519-0100,"",1381277750005
activated,workbench,org.eclipse.ui.workbench,3.7.0.I20110519-0100,"",1381277751380
activated,editor,org.eclipse.jdt.ui,3.7.0.v20110531-1200,"org.eclipse.jdt.ui.CompilationUnitEditor",1381277752756
activated,editor,org.eclipse.jdt.ui,3.7.0.v20110531-1200,"org.eclipse.jdt.ui.CompilationUnitEditor",1381277754040
deactivated,workbench,org.eclipse.ui.workbench,3.7.0.I20110519-0100,"",1381277759082
activated,workbench,org.eclipse.ui.workbench,3.7.0.I20110519-0100,"",1381277760242
activated,editor,org.eclipse.jdt.ui,3.7.0.v20110531-1200,"org.eclipse.jdt.ui.CompilationUnitEditor",1381277760287
executed,command,org.eclipse.jdt.junit,3.7.0.v20110505-0800,"org.eclipse.jdt.junit.junitShortcut.run",1381277765063
deactivated,workbench,org.eclipse.ui.workbench,3.7.0.I20110519-0100,"",1381277765088
activated,workbench,org.eclipse.ui.workbench,3.7.0.I20110519-0100,"",1381277768318
activated,view,org.eclipse.ui.console,3.5.100.v20110511,"org.eclipse.ui.console.ConsoleView",1381277769090
deactivated,workbench,org.eclipse.ui.workbench,3.7.0.I20110519-0100,"",1381277770487
activated,workbench,org.eclipse.ui.workbench,3.7.0.I20110519-0100,"",1381277779681
activated,view,org.eclipse.jdt.junit,3.7.0.v20110505-0800,"org.eclipse.jdt.junit.ResultView",1381277779696
activated,editor,org.eclipse.jdt.ui,3.7.0.v20110531-1200,"org.eclipse.jdt.ui.CompilationUnitEditor",1381277788619
activated,editor,org.eclipse.jdt.ui,3.7.0.v20110531-1200,"org.eclipse.jdt.ui.CompilationUnitEditor",1381277795752
activated,editor,org.eclipse.jdt.ui,3.7.0.v20110531-1200,"org.eclipse.jdt.ui.CompilationUnitEditor",1381277803473
activated,editor,org.eclipse.jdt.ui,3.7.0.v20110531-1200,"org.eclipse.jdt.ui.CompilationUnitEditor",1381277809545
closed,editor,org.eclipse.jdt.ui,3.7.0.v20110531-1200,"org.eclipse.jdt.ui.CompilationUnitEditor",1381277809546
activated,editor,org.eclipse.jdt.ui,3.7.0.v20110531-1200,"org.eclipse.jdt.ui.CompilationUnitEditor",1381277811158
closed,editor,org.eclipse.jdt.ui,3.7.0.v20110531-1200,"org.eclipse.jdt.ui.CompilationUnitEditor",1381277811158
activated,editor,org.eclipse.jdt.ui,3.7.0.v20110531-1200,"org.eclipse.jdt.ui.CompilationUnitEditor",1381277812986
activated,editor,org.eclipse.jdt.ui,3.7.0.v20110531-1200,"org.eclipse.jdt.ui.CompilationUnitEditor",1381277813889
executed,command,org.eclipse.ui.workbench.texteditor,3.7.0.v20110505-0800,"org.eclipse.ui.edit.text.goto.lineEnd",1381277823575
executed,command,org.eclipse.ui.workbench.texteditor,3.7.0.v20110505-0800,"org.eclipse.ui.edit.text.select.lineStart",1381277823790
executed,command,org.eclipse.ui,3.7.0.I20110602-0100,"org.eclipse.ui.edit.cut",1381277824047
executed,command,org.eclipse.ui,3.7.0.I20110602-0100,"org.eclipse.ui.file.save",1381277824964
executed,command,org.eclipse.ui.workbench.texteditor,3.7.0.v20110505-0800,"org.eclipse.ui.edit.text.select.wordPrevious",1381277841584
executed,command,org.eclipse.ui,3.7.0.I20110602-0100,"org.eclipse.ui.edit.delete",1381277841854
executed,command,org.eclipse.ui,3.7.0.I20110602-0100,"org.eclipse.ui.edit.paste",1381277854930
executed,command,org.eclipse.ui,3.7.0.I20110602-0100,"org.eclipse.ui.file.save",1381277860039
executed,command,org.eclipse.ui.workbench.texteditor,3.7.0.v20110505-0800,"org.eclipse.ui.edit.text.select.wordPrevious",1381277862938
executed,command,org.eclipse.ui,3.7.0.I20110602-0100,"org.eclipse.ui.edit.copy",1381277863223
executed,command,org.eclipse.ui,3.7.0.I20110602-0100,"org.eclipse.ui.edit.paste",1381277864897
executed,command,org.eclipse.ui.workbench.texteditor,3.7.0.v20110505-0800,"org.eclipse.ui.edit.text.goto.lineEnd",1381277868527
executed,command,org.eclipse.ui,3.7.0.I20110602-0100,"org.eclipse.ui.file.save",1381277870754
executed,command,org.eclipse.ui,3.7.0.I20110602-0100,"org.eclipse.ui.edit.copy",1381277876650
executed,command,org.eclipse.ui,3.7.0.I20110602-0100,"org.eclipse.ui.edit.paste",1381277877397
executed,command,org.eclipse.ui,3.7.0.I20110602-0100,"org.eclipse.ui.file.save",1381277878324
executed,command,org.eclipse.ui,3.7.0.I20110602-0100,"org.eclipse.ui.file.save",1381277884413
executed,command,org.eclipse.ui,3.7.0.I20110602-0100,"org.eclipse.ui.edit.copy",1381277887132
executed,command,org.eclipse.ui,3.7.0.I20110602-0100,"org.eclipse.ui.edit.paste",1381277888979
executed,command,org.eclipse.ui,3.7.0.I20110602-0100,"org.eclipse.ui.file.save",1381277889445
executed,command,org.eclipse.ui,3.7.0.I20110602-0100,"org.eclipse.ui.edit.undo",1381277892238
executed,command,org.eclipse.ui,3.7.0.I20110602-0100,"org.eclipse.ui.edit.copy",1381277906244
executed,command,org.eclipse.ui,3.7.0.I20110602-0100,"org.eclipse.ui.edit.paste",1381277907603
executed,command,org.eclipse.ui,3.7.0.I20110602-0100,"org.eclipse.ui.edit.copy",1381277915285
executed,command,org.eclipse.ui,3.7.0.I20110602-0100,"org.eclipse.ui.edit.paste",1381277916818
executed,command,org.eclipse.ui.workbench.texteditor,3.7.0.v20110505-0800,"org.eclipse.ui.edit.text.goto.lineEnd",1381277917104
executed,command,org.eclipse.ui,3.7.0.I20110602-0100,"org.eclipse.ui.file.save",1381277918043
executed,command,org.eclipse.ui.workbench.texteditor,3.7.0.v20110505-0800,"org.eclipse.ui.edit.text.goto.lineStart",1381277918194
executed,command,org.eclipse.ui.workbench.texteditor,3.7.0.v20110505-0800,"org.eclipse.ui.edit.text.goto.lineStart",1381277918319
executed,command,org.eclipse.ui,3.7.0.I20110602-0100,"org.eclipse.ui.edit.cut",1381277919022
executed,command,org.eclipse.ui,3.7.0.I20110602-0100,"org.eclipse.ui.edit.paste",1381277919500
executed,command,org.eclipse.ui.workbench.texteditor,3.7.0.v20110505-0800,"org.eclipse.ui.edit.text.goto.lineEnd",1381277920707
executed,command,org.eclipse.ui,3.7.0.I20110602-0100,"org.eclipse.ui.file.save",1381277920960
executed,command,org.eclipse.ui,3.7.0.I20110602-0100,"org.eclipse.ui.edit.copy",1381277925297
executed,command,org.eclipse.ui,3.7.0.I20110602-0100,"org.eclipse.ui.edit.paste",1381277926291
executed,command,org.eclipse.ui.workbench.texteditor,3.7.0.v20110505-0800,"org.eclipse.ui.edit.text.goto.lineEnd",1381277926829
executed,command,org.eclipse.ui.workbench.texteditor,3.7.0.v20110505-0800,"org.eclipse.ui.edit.text.goto.lineStart",1381277927006
executed,command,org.eclipse.ui,3.7.0.I20110602-0100,"org.eclipse.ui.file.save",1381277927259
activated,view,org.eclipse.ui.console,3.5.100.v20110511,"org.eclipse.ui.console.ConsoleView",1381277932212
deactivated,workbench,org.eclipse.ui.workbench,3.7.0.I20110519-0100,"",1381277934351
activated,workbench,org.eclipse.ui.workbench,3.7.0.I20110519-0100,"",1381277935768
deactivated,workbench,org.eclipse.ui.workbench,3.7.0.I20110519-0100,"",1381277939799
activated,workbench,org.eclipse.ui.workbench,3.7.0.I20110519-0100,"",1381277941169
deactivated,workbench,org.eclipse.ui.workbench,3.7.0.I20110519-0100,"",1381277942363
activated,workbench,org.eclipse.ui.workbench,3.7.0.I20110519-0100,"",1381277944269
activated,view,org.eclipse.jdt.junit,3.7.0.v20110505-0800,"org.eclipse.jdt.junit.ResultView",1381277944279
activated,editor,org.eclipse.jdt.ui,3.7.0.v20110531-1200,"org.eclipse.jdt.ui.CompilationUnitEditor",1381277948009
activated,editor,org.eclipse.ui.editors,3.7.0.v20110517-0800,"org.eclipse.ui.DefaultTextEditor",1381277964989
executed,command,org.eclipse.ui.workbench.texteditor,3.7.0.v20110505-0800,"org.eclipse.ui.edit.text.goto.lineEnd",1381277984090
executed,command,org.eclipse.ui.workbench.texteditor,3.7.0.v20110505-0800,"org.eclipse.ui.edit.text.select.wordPrevious",1381277989357
executed,command,org.eclipse.ui,3.7.0.I20110602-0100,"org.eclipse.ui.file.save",1381277992497
executed,command,org.eclipse.ui,3.7.0.I20110602-0100,"org.eclipse.ui.file.save",1381278000997
executed,command,org.eclipse.ui.workbench.texteditor,3.7.0.v20110505-0800,"org.eclipse.ui.edit.text.goto.wordPrevious",1381278002428
executed,command,org.eclipse.ui.workbench.texteditor,3.7.0.v20110505-0800,"org.eclipse.ui.edit.text.goto.wordPrevious",1381278002579
executed,command,org.eclipse.ui.workbench.texteditor,3.7.0.v20110505-0800,"org.eclipse.ui.edit.text.goto.lineEnd",1381278004398
executed,command,org.eclipse.ui,3.7.0.I20110602-0100,"org.eclipse.ui.file.save",1381278004678
activated,editor,org.eclipse.jdt.ui,3.7.0.v20110531-1200,"org.eclipse.jdt.ui.CompilationUnitEditor",1381278010940
activated,editor,org.eclipse.jdt.ui,3.7.0.v20110531-1200,"org.eclipse.jdt.ui.CompilationUnitEditor",1381278014648
activated,view,org.eclipse.jdt.ui,3.7.0.v20110531-1200,"org.eclipse.jdt.ui.PackageExplorer",1381278028162
activated,editor,org.eclipse.jdt.ui,3.7.0.v20110531-1200,"org.eclipse.jdt.ui.CompilationUnitEditor",1381278032158
activated,editor,org.eclipse.jdt.ui,3.7.0.v20110531-1200,"org.eclipse.jdt.ui.CompilationUnitEditor",1381278039749
activated,editor,org.eclipse.jdt.ui,3.7.0.v20110531-1200,"org.eclipse.jdt.ui.CompilationUnitEditor",1381278044635
activated,editor,org.eclipse.jdt.ui,3.7.0.v20110531-1200,"org.eclipse.jdt.ui.CompilationUnitEditor",1381278050256
activated,editor,org.eclipse.jdt.ui,3.7.0.v20110531-1200,"org.eclipse.jdt.ui.CompilationUnitEditor",1381278052784
executed,command,org.eclipse.ui.workbench.texteditor,3.7.0.v20110505-0800,"org.eclipse.ui.edit.text.goto.lineEnd",1381278066784
executed,command,org.eclipse.ui,3.7.0.I20110602-0100,"org.eclipse.ui.file.save",1381278067575
executed,command,org.eclipse.ui,3.7.0.I20110602-0100,"org.eclipse.ui.edit.copy",1381278068688
executed,command,org.eclipse.ui,3.7.0.I20110602-0100,"org.eclipse.ui.edit.paste",1381278071236
executed,command,org.eclipse.ui,3.7.0.I20110602-0100,"org.eclipse.ui.file.save",1381278071592
activated,editor,org.eclipse.jdt.ui,3.7.0.v20110531-1200,"org.eclipse.jdt.ui.CompilationUnitEditor",1381278101308
activated,editor,org.eclipse.jdt.ui,3.7.0.v20110531-1200,"org.eclipse.jdt.ui.CompilationUnitEditor",1381278104117
activated,editor,org.eclipse.jdt.ui,3.7.0.v20110531-1200,"org.eclipse.jdt.ui.CompilationUnitEditor",1381278106507
activated,editor,org.eclipse.jdt.ui,3.7.0.v20110531-1200,"org.eclipse.jdt.ui.CompilationUnitEditor",1381278107346
activated,editor,org.eclipse.jdt.ui,3.7.0.v20110531-1200,"org.eclipse.jdt.ui.CompilationUnitEditor",1381278107979
activated,editor,org.eclipse.jdt.ui,3.7.0.v20110531-1200,"org.eclipse.jdt.ui.CompilationUnitEditor",1381278112868
activated,editor,org.eclipse.jdt.ui,3.7.0.v20110531-1200,"org.eclipse.jdt.ui.CompilationUnitEditor",1381278115971
executed,command,org.eclipse.ui,3.7.0.I20110602-0100,"org.eclipse.ui.file.save",1381278120768
executed,command,org.eclipse.ui.workbench.texteditor,3.7.0.v20110505-0800,"org.eclipse.ui.edit.text.select.wordPrevious",1381278121476
executed,command,org.eclipse.ui.workbench.texteditor,3.7.0.v20110505-0800,"org.eclipse.ui.edit.text.goto.wordPrevious",1381278122120
executed,command,org.eclipse.ui.workbench.texteditor,3.7.0.v20110505-0800,"org.eclipse.ui.edit.text.goto.wordPrevious",1381278122292
executed,command,org.eclipse.ui.workbench.texteditor,3.7.0.v20110505-0800,"org.eclipse.ui.edit.text.goto.wordPrevious",1381278122440
executed,command,org.eclipse.ui.workbench.texteditor,3.7.0.v20110505-0800,"org.eclipse.ui.edit.text.select.wordNext",1381278128137
executed,command,org.eclipse.ui.workbench.texteditor,3.7.0.v20110505-0800,"org.eclipse.ui.edit.text.select.wordNext",1381278128301
executed,command,org.eclipse.ui.workbench.texteditor,3.7.0.v20110505-0800,"org.eclipse.ui.edit.text.select.wordNext",1381278128426
executed,command,org.eclipse.ui.workbench.texteditor,3.7.0.v20110505-0800,"org.eclipse.ui.edit.text.select.wordNext",1381278128573
executed,command,org.eclipse.ui.workbench.texteditor,3.7.0.v20110505-0800,"org.eclipse.ui.edit.text.select.wordNext",1381278128703
executed,command,org.eclipse.ui.workbench.texteditor,3.7.0.v20110505-0800,"org.eclipse.ui.edit.text.select.wordNext",1381278128819
executed,command,org.eclipse.ui,3.7.0.I20110602-0100,"org.eclipse.ui.edit.delete",1381278129402
executed,command,org.eclipse.ui,3.7.0.I20110602-0100,"org.eclipse.ui.file.save",1381278129978
executed,command,org.eclipse.ui,3.7.0.I20110602-0100,"org.eclipse.ui.file.save",1381278130926
executed,command,org.eclipse.ui.workbench.texteditor,3.7.0.v20110505-0800,"org.eclipse.ui.edit.text.goto.wordPrevious",1381278132972
executed,command,org.eclipse.ui.workbench.texteditor,3.7.0.v20110505-0800,"org.eclipse.ui.edit.text.goto.wordNext",1381278133254
executed,command,org.eclipse.ui.workbench.texteditor,3.7.0.v20110505-0800,"org.eclipse.ui.edit.text.goto.wordPrevious",1381278133495
executed,command,org.eclipse.ui.workbench.texteditor,3.7.0.v20110505-0800,"org.eclipse.ui.edit.text.select.wordNext",1381278137867
executed,command,org.eclipse.ui,3.7.0.I20110602-0100,"org.eclipse.ui.edit.delete",1381278138133
executed,command,org.eclipse.ui,3.7.0.I20110602-0100,"org.eclipse.ui.file.save",1381278138399
activated,editor,org.eclipse.jdt.ui,3.7.0.v20110531-1200,"org.eclipse.jdt.ui.CompilationUnitEditor",1381278152150
activated,editor,org.eclipse.jdt.ui,3.7.0.v20110531-1200,"org.eclipse.jdt.ui.CompilationUnitEditor",1381278153448
activated,editor,org.eclipse.ui.editors,3.7.0.v20110517-0800,"org.eclipse.ui.DefaultTextEditor",1381278154640
deactivated,workbench,org.eclipse.ui.workbench,3.7.0.I20110519-0100,"",1381278156536
activated,workbench,org.eclipse.ui.workbench,3.7.0.I20110519-0100,"",1381278161729
deactivated,workbench,org.eclipse.ui.workbench,3.7.0.I20110519-0100,"",1381278164149
activated,workbench,org.eclipse.ui.workbench,3.7.0.I20110519-0100,"",1381278166605
deactivated,workbench,org.eclipse.ui.workbench,3.7.0.I20110519-0100,"",1381278167026
activated,workbench,org.eclipse.ui.workbench,3.7.0.I20110519-0100,"",1381278167182
deactivated,workbench,org.eclipse.ui.workbench,3.7.0.I20110519-0100,"",1381278167197
activated,workbench,org.eclipse.ui.workbench,3.7.0.I20110519-0100,"",1381278167229
deactivated,workbench,org.eclipse.ui.workbench,3.7.0.I20110519-0100,"",1381278168336
activated,workbench,org.eclipse.ui.workbench,3.7.0.I20110519-0100,"",1381278169725
closed,workbench,org.eclipse.ui.workbench,3.7.0.I20110519-0100,"",1381278170257
stopped,bundle,org.eclipse.m2e.logback.configuration,1.0.0.20110607-2117,"org.eclipse.m2e.logback.configuration",1381278172251
stopped,bundle,org.eclipse.m2e.discovery,1.0.0.20110607-2117,"org.eclipse.m2e.discovery",1381278172313
stopped,bundle,org.eclipse.m2e.refactoring,1.0.0.20110607-2117,"org.eclipse.m2e.refactoring",1381278172329
stopped,bundle,org.eclipse.m2e.editor,1.0.0.20110607-2117,"org.eclipse.m2e.editor",1381278172344
stopped,bundle,org.eclipse.m2e.editor.xml,1.0.0.20110607-2117,"org.eclipse.m2e.editor.xml",1381278172360
stopped,bundle,org.eclipse.m2e.jdt,1.0.0.20110607-2117,"org.eclipse.m2e.jdt",1381278172360
stopped,bundle,org.eclipse.m2e.launching,1.0.0.20110607-2117,"org.eclipse.m2e.launching",1381278172360
stopped,bundle,org.eclipse.m2e.usagedata,1.0.0.20110607-2117,"org.eclipse.m2e.usagedata",1381278172360
stopped,bundle,overlay.com.android.ide.eclipse.adt.overlay,18.0.0.v201203301601-306762,"overlay.com.android.ide.eclipse.adt.overlay",1381278172375
stopped,bundle,com.android.ide.eclipse.adt,18.0.0.v201203301601-306762,"com.android.ide.eclipse.adt",1381278172375
stopped,bundle,org.eclipse.ui.cheatsheets,3.4.100.v20110425,"org.eclipse.ui.cheatsheets",1381278172407
stopped,bundle,org.eclipse.help.ui,3.5.100.v20110425,"org.eclipse.help.ui",1381278172453
stopped,bundle,org.eclipse.help.webapp,3.6.0.v20110518,"org.eclipse.help.webapp",1381278172469
stopped,bundle,org.eclipse.epp.mpc.ui,1.1.0.I20110525-0742,"org.eclipse.epp.mpc.ui",1381278172469
stopped,bundle,org.eclipse.epp.usagedata.ui,1.3.1.R201106061540,"org.eclipse.epp.usagedata.ui",1381278172578
stopped,bundle,org.eclipse.ui.intro.universal,3.2.500.v20110510,"org.eclipse.ui.intro.universal",1381278172578
stopped,bundle,org.eclipse.ui.intro,3.4.100.v20110425,"org.eclipse.ui.intro",1381278172578
stopped,bundle,org.eclipse.help.base,3.6.0.v201106131736,"org.eclipse.help.base",1381278172703
stopped,bundle,org.eclipse.equinox.http.jetty,2.0.100.v20110502,"org.eclipse.equinox.http.jetty",1381278172781
stopped,bundle,org.eclipse.m2e.core.ui,1.0.0.20110607-2117,"org.eclipse.m2e.core.ui",1381278172859
stopped,bundle,org.eclipse.m2e.core,1.0.0.20110607-2117,"org.eclipse.m2e.core",1381278172984
stopped,bundle,org.eclipse.mylyn.ide.ant,3.6.0.v20110608-1400,"org.eclipse.mylyn.ide.ant",1381278173015
stopped,bundle,org.eclipse.ant.ui,3.5.100.v20110510,"org.eclipse.ant.ui",1381278173015
stopped,bundle,org.eclipse.ant.launching,1.0.100.v20110506,"org.eclipse.ant.launching",1381278173062
